season_start_year,club,draws,goal_difference,goals_against,goals_for,losses,played,points,position,season,wins,squad_size,avg_age,total_market_value_eur,has_financial_data,expenditure_eur,income_eur,net_spend_eur,arrivals,departures,era
2000,Manchester United,8,48,31,79,6,38,80,1,2000/01,24,39,26.2,0.0,False,11700000.0,13880000.0,2180000.0,14,17,Pre-Abramovich
2000,Arsenal FC,10,25,38,63,8,38,70,2,2000/01,20,37,26.1,0.0,False,56300000.0,46030000.0,-10280000.0,23,18,Pre-Abramovich
2000,Liverpool FC,9,32,39,71,9,38,69,3,2000/01,20,35,25.9,0.0,False,34000000.0,19610000.0,-14400000.0,19,17,Pre-Abramovich
2000,Leeds United,8,21,43,64,10,38,68,4,2000/01,20,33,24.5,0.0,False,71150000.0,8580000.0,-62570000.0,13,10,Pre-Abramovich
2000,Ipswich Town,6,15,42,57,12,38,66,5,2000/01,20,30,27.1,0.0,False,9900000.0,4500000.0,-5400000.0,14,14,Pre-Abramovich
2000,Chelsea FC,10,23,45,68,11,38,61,6,2000/01,17,38,27.9,0.0,False,52390000.0,37720000.0,-14670000.0,25,21,Pre-Abramovich
2000,Sunderland AFC,12,5,41,46,11,38,57,7,2000/01,15,38,25.8,0.0,False,16870000.0,5530000.0,-11340000.0,20,25,Pre-Abramovich
2000,Aston Villa,15,3,43,46,10,38,54,8,2000/01,13,33,25.9,0.0,False,21120000.0,20820000.0,-305000.0,16,15,Pre-Abramovich
2000,Charlton Athletic,10,-7,57,50,14,38,52,9,2000/01,14,33,26.9,0.0,False,17800000.0,462000.0,-17340000.0,15,16,Pre-Abramovich
2000,Southampton FC,10,-8,48,40,14,38,52,10,2000/01,14,32,27.4,0.0,False,0.0,145000.0,145000.0,15,18,Pre-Abramovich
2000,Newcastle United,9,-6,50,44,15,38,51,11,2000/01,14,37,24.9,0.0,False,25910000.0,26390000.0,475000.0,21,21,Pre-Abramovich
2000,Tottenham Hotspur,10,-7,54,47,15,38,49,12,2000/01,13,36,26.0,0.0,False,25740000.0,2460000.0,-23290000.0,8,12,Pre-Abramovich
2000,Leicester City,6,-12,51,39,18,38,48,13,2000/01,14,40,26.7,0.0,False,11700000.0,9700000.0,-2000000.0,19,18,Pre-Abramovich
2000,Middlesbrough FC,15,0,44,44,14,38,42,14,2000/01,9,36,27.4,0.0,False,33470000.0,10000000.0,-23470000.0,22,16,Pre-Abramovich
2000,West Ham United,12,-5,50,45,16,38,42,15,2000/01,10,46,26.4,0.0,False,18650000.0,42400000.0,23750000.0,24,30,Pre-Abramovich
2000,Everton FC,9,-14,59,45,18,38,42,16,2000/01,11,35,26.8,0.0,False,30980000.0,35550000.0,4570000.0,16,18,Pre-Abramovich
2000,Derby County,12,-22,59,37,16,38,42,17,2000/01,10,39,24.9,0.0,False,8330000.0,6880000.0,-1450000.0,15,11,Pre-Abramovich
2000,Manchester City,10,-24,65,41,20,38,34,18,2000/01,8,40,26.5,0.0,False,16530000.000000002,1460000.0,-15060000.0,25,29,Pre-Abramovich
2000,Coventry City,10,-27,63,36,20,38,34,19,2000/01,8,38,25.2,0.0,False,19000000.0,26280000.0,7280000.0,16,17,Pre-Abramovich
2000,Bradford City,11,-40,70,30,22,38,26,20,2000/01,5,42,28.3,0.0,False,6610000.0,8940000.0,2340000.0,20,22,Pre-Abramovich
2001,Arsenal FC,9,43,36,79,3,38,87,1,2001/02,26,37,25.5,0.0,False,32689999.999999996,12000000.0,-20690000.0,21,15,Pre-Abramovich
2001,Liverpool FC,8,37,30,67,6,38,80,2,2001/02,24,34,26.2,0.0,False,31560000.0,28650000.0,-2910000.0,10,11,Pre-Abramovich
2001,Manchester United,5,42,45,87,9,38,77,3,2001/02,24,38,26.2,0.0,False,85850000.0,43600000.0,-42250000.0,22,17,Pre-Abramovich
2001,Newcastle United,8,22,52,74,9,38,71,4,2001/02,21,35,25.4,0.0,False,31590000.0,888000.0,-30700000.0,18,22,Pre-Abramovich
2001,Leeds United,12,16,37,53,8,38,66,5,2001/02,18,26,25.3,0.0,False,28300000.0,4580000.0,-23730000.0,10,13,Pre-Abramovich
2001,Chelsea FC,13,28,38,66,8,38,64,6,2001/02,17,36,25.9,0.0,False,49700000.0,14320000.0,-35380000.0,11,15,Pre-Abramovich
2001,West Ham United,8,-9,57,48,15,38,53,7,2001/02,15,41,27.2,0.0,False,22060000.0,18130000.0,-3940000.0,12,17,Pre-Abramovich
2001,Aston Villa,14,-1,47,46,12,38,50,8,2001/02,12,27,26.8,0.0,False,26100000.0,16880000.0,-9230000.0,15,15,Pre-Abramovich
2001,Tottenham Hotspur,8,-4,53,49,16,38,50,9,2001/02,14,31,27.9,0.0,False,28050000.0,9750000.0,-18300000.0,10,9,Pre-Abramovich
2001,Blackburn Rovers,10,4,51,55,16,38,46,10,2001/02,12,35,27.8,0.0,False,33009999.999999996,10680000.0,-22340000.0,20,25,Pre-Abramovich
2001,Southampton FC,9,-8,54,46,17,38,45,11,2001/02,12,37,27.5,0.0,False,19350000.0,14450000.0,-4900000.0,17,14,Pre-Abramovich
2001,Middlesbrough FC,9,-12,47,35,17,38,45,12,2001/02,12,39,27.4,0.0,False,22700000.0,5270000.0,-17430000.0,25,31,Pre-Abramovich
2001,Fulham FC,14,-8,44,36,14,38,44,13,2001/02,10,34,26.6,0.0,False,50600000.0,1030000.0,-49580000.0,13,14,Pre-Abramovich
2001,Charlton Athletic,14,-11,49,38,14,38,44,14,2001/02,10,33,28.0,0.0,False,16500000.0,1450000.0,-15060000.0,15,18,Pre-Abramovich
2001,Everton FC,10,-12,57,45,17,38,43,15,2001/02,11,33,27.4,0.0,False,13350000.0,11930000.0,-1430000.0,7,12,Pre-Abramovich
2001,Bolton Wanderers,13,-18,62,44,16,38,40,16,2001/02,9,43,27.3,0.0,False,3130000.0,70000.0,-3060000.0,26,19,Pre-Abramovich
2001,Sunderland AFC,10,-22,51,29,18,38,40,17,2001/02,10,33,26.3,0.0,False,29480000.0,12890000.0,-16590000.0,14,15,Pre-Abramovich
2001,Ipswich Town,9,-23,64,41,20,38,36,18,2001/02,9,34,26.7,0.0,False,20230000.0,13500000.0,-6730000.0,21,14,Pre-Abramovich
2001,Derby County,6,-30,63,33,24,38,30,19,2001/02,8,41,26.0,0.0,False,4590000.0,17500000.0,12920000.0,16,15,Pre-Abramovich
2001,Leicester City,13,-34,64,30,20,38,28,20,2001/02,5,37,26.6,0.0,False,19200000.0,3030000.0,-16170000.000000002,23,22,Pre-Abramovich
2002,Manchester United,8,40,34,74,5,38,83,1,2002/03,25,34,25.5,0.0,False,48530000.0,3500000.0,-45030000.0,13,15,Pre-Abramovich
2002,Arsenal FC,9,43,42,85,6,38,78,2,2002/03,23,36,25.9,0.0,False,12830000.0,8430000.0,-4400000.0,13,19,Pre-Abramovich
2002,Newcastle United,6,15,48,63,11,38,69,3,2002/03,21,34,25.1,0.0,False,34550000.0,225000.0,-34330000.0,14,13,Pre-Abramovich
2002,Chelsea FC,10,30,38,68,9,38,67,4,2002/03,19,33,26.4,0.0,False,0.0,2100000.0,2100000.0,12,10,Pre-Abramovich
2002,Liverpool FC,10,20,41,61,10,38,64,5,2002/03,18,31,25.4,0.0,False,31900000.0,11800000.0,-20100000.0,18,16,Pre-Abramovich
2002,Blackburn Rovers,12,9,43,52,10,38,60,6,2002/03,16,36,27.2,0.0,False,7250000.0,1800000.0,-5450000.0,22,17,Pre-Abramovich
2002,Everton FC,8,-1,49,48,13,38,59,7,2002/03,17,33,26.9,0.0,False,11030000.0,375000.0,-10650000.0,21,14,Pre-Abramovich
2002,Southampton FC,13,-3,46,43,12,38,52,8,2002/03,13,33,27.7,0.0,False,12000000.0,0.0,-12000000.0,16,19,Pre-Abramovich
2002,Manchester City,6,-7,54,47,17,38,51,9,2002/03,15,44,26.3,0.0,False,22500000.0,300000.0,-22200000.0,13,15,Pre-Abramovich
2002,Tottenham Hotspur,8,-11,62,51,16,38,50,10,2002/03,14,37,26.7,0.0,False,10500000.0,1350000.0,-9150000.0,23,21,Pre-Abramovich
2002,Middlesbrough FC,10,4,44,48,15,38,49,11,2002/03,13,39,25.7,0.0,False,38580000.0,950000.0,-37630000.0,25,28,Pre-Abramovich
2002,Charlton Athletic,7,-11,56,45,17,38,49,12,2002/03,14,31,27.6,0.0,False,6750000.0,2650000.0,-4099999.9999999995,12,12,Pre-Abramovich
2002,Birmingham City,9,-8,49,41,16,38,48,13,2002/03,13,37,27.3,0.0,False,15680000.0,1150000.0,-14530000.0,22,19,Pre-Abramovich
2002,Fulham FC,9,-9,50,41,16,38,48,14,2002/03,13,32,28.0,0.0,False,3000000.0,825000.0,-2180000.0,9,13,Pre-Abramovich
2002,Leeds United,5,1,57,58,19,38,47,15,2002/03,14,36,25.7,0.0,False,4500000.0,80120000.0,75620000.0,19,20,Pre-Abramovich
2002,Aston Villa,9,-5,47,42,17,38,45,16,2002/03,12,36,26.8,0.0,False,9080000.0,6900000.0,-2180000.0,24,17,Pre-Abramovich
2002,Bolton Wanderers,14,-10,51,41,14,38,44,17,2002/03,10,38,28.0,0.0,False,0.0,5290000.0,5290000.0,25,31,Pre-Abramovich
2002,West Ham United,12,-17,59,42,16,38,42,18,2002/03,10,41,26.6,0.0,False,400000.0,75000.0,-325000.0,18,21,Pre-Abramovich
2002,West Bromwich Albion,8,-36,65,29,24,38,26,19,2002/03,6,29,26.8,0.0,False,16950000.0,0.0,-16950000.0,10,7,Pre-Abramovich
2002,Sunderland AFC,7,-44,65,21,27,38,19,20,2002/03,4,42,25.9,0.0,False,29960000.0,0.0,-29960000.0,25,19,Pre-Abramovich
2003,Arsenal FC,12,47,26,73,0,38,90,1,2003/04,26,38,24.9,0.0,False,27420000.0,1050000.0,-26370000.0,20,21,Abramovich
2003,Chelsea FC,7,37,30,67,7,38,79,2,2003/04,24,32,26.1,0.0,False,173700000.0,950000.0,-172750000.0,22,23,Abramovich
2003,Manchester United,6,29,35,64,9,38,75,3,2003/04,23,35,24.2,0.0,False,56530000.0,59300000.0,2780000.0,26,29,Abramovich
2003,Liverpool FC,12,18,37,55,10,38,60,4,2003/04,16,34,25.1,0.0,False,15250000.0,0.0,-15250000.0,19,13,Abramovich
2003,Newcastle United,17,12,40,52,8,38,56,5,2003/04,13,32,25.2,0.0,False,0.0,5000000.0,5000000.0,14,21,Abramovich
2003,Aston Villa,11,4,44,48,12,38,56,6,2003/04,15,27,26.6,0.0,False,8380000.000000001,290000.0,-8090000.0,18,29,Abramovich
2003,Charlton Athletic,11,0,51,51,13,38,53,7,2003/04,14,31,27.3,0.0,False,1500000.0,15000000.0,13500000.0,22,19,Abramovich
2003,Bolton Wanderers,11,-8,56,48,13,38,53,8,2003/04,14,34,27.3,0.0,False,750000.0,75000.0,-675000.0,27,29,Abramovich
2003,Fulham FC,10,6,46,52,14,38,52,9,2003/04,14,37,27.1,0.0,False,8480000.0,25040000.0,16559999.999999998,33,25,Abramovich
2003,Birmingham City,14,-5,48,43,12,38,50,10,2003/04,12,30,27.7,0.0,False,17100000.0,1950000.0,-15150000.0,16,27,Abramovich
2003,Middlesbrough FC,9,-8,52,44,16,38,48,11,2003/04,13,37,25.8,0.0,False,5700000.0,1130000.0,-4580000.0,28,31,Abramovich
2003,Southampton FC,11,-1,45,44,15,38,47,12,2003/04,12,35,26.8,0.0,False,8980000.0,10880000.0,1900000.0,21,20,Abramovich
2003,Portsmouth FC,9,-7,54,47,17,38,45,13,2003/04,12,37,28.0,0.0,False,12380000.0,200000.0,-12180000.0,40,41,Abramovich
2003,Tottenham Hotspur,6,-10,57,47,19,38,45,14,2003/04,13,34,25.8,0.0,False,29750000.0,1750000.0,-28000000.0,19,23,Abramovich
2003,Blackburn Rovers,8,-8,59,51,18,38,44,15,2003/04,12,35,27.1,0.0,False,22340000.0,34850000.0,12510000.0,25,32,Abramovich
2003,Manchester City,14,1,54,55,15,38,41,16,2003/04,9,33,27.4,0.0,False,14260000.0,6900000.0,-7360000.0,20,23,Abramovich
2003,Everton FC,12,-12,57,45,17,38,39,17,2003/04,9,31,27.6,0.0,False,9920000.0,975000.0,-8940000.0,17,20,Abramovich
2003,Leicester City,15,-17,65,48,17,38,33,18,2003/04,6,40,28.2,0.0,False,1420000.0,0.0,-1420000.0,30,30,Abramovich
2003,Leeds United,9,-39,79,40,21,38,33,19,2003/04,8,37,25.3,0.0,False,100000.0,16830000.0,16730000.0,26,30,Abramovich
2003,Wolverhampton Wanderers,12,-39,77,38,19,38,33,20,2003/04,7,36,27.8,0.0,False,9880000.0,1150000.0,-8730000.0,27,21,Abramovich
2004,Chelsea FC,8,57,15,72,1,38,95,1,2004/05,29,31,24.9,331480000.0,True,162400000.0,3300000.0,-159100000.0,21,25,Abramovich
2004,Arsenal FC,8,51,36,87,5,38,83,2,2004/05,25,37,23.9,247000000.0,True,12480000.0,3900000.0,-8580000.0,21,19,Abramovich
2004,Manchester United,11,32,26,58,5,38,77,3,2004/05,22,37,24.7,293230000.0,True,61250000.0,9670000.0,-51590000.0,20,21,Abramovich
2004,Everton FC,7,-1,46,45,13,38,61,4,2004/05,18,26,27.5,74280000.0,True,11880000.0,45400000.0,33530000.0,9,15,Abramovich
2004,Liverpool FC,7,11,41,52,14,38,58,5,2004/05,17,38,25.3,222130000.0,True,58400000.0,24570000.0,-33830000.0,22,22,Abramovich
2004,Bolton Wanderers,10,5,44,49,12,38,58,6,2004/05,16,29,28.5,63580000.0,True,1380000.0,375000.0,-1000000.0,25,25,Abramovich
2004,Middlesbrough FC,13,7,46,53,11,38,55,7,2004/05,14,34,26.0,95480000.0,True,6750000.0,3450000.0,-3300000.0,20,21,Abramovich
2004,Manchester City,13,8,39,47,12,38,52,8,2004/05,13,34,26.7,94300000.0,True,1500000.0,7940000.0,6440000.0,18,18,Abramovich
2004,Tottenham Hotspur,10,6,41,47,14,38,52,9,2004/05,14,38,25.3,129449999.99999999,True,48030000.0,10500000.0,-37530000.0,37,34,Abramovich
2004,Aston Villa,11,-7,52,45,15,38,47,10,2004/05,12,25,25.4,84130000.0,True,10140000.0,3430000.0,-6720000.0,14,16,Abramovich
2004,Charlton Athletic,10,-16,58,42,16,38,46,11,2004/05,12,26,27.1,57800000.0,True,13250000.0,1950000.0,-11300000.0,17,19,Abramovich
2004,Birmingham City,12,-6,46,40,15,38,45,12,2004/05,11,38,26.8,106930000.0,True,15770000.0,8150000.0,-7620000.0,28,21,Abramovich
2004,Fulham FC,8,-8,60,52,18,38,44,13,2004/05,12,34,26.4,65230000.00000001,True,13950000.0,5200000.0,-8750000.0,22,22,Abramovich
2004,Newcastle United,14,-10,57,47,14,38,44,14,2004/05,10,31,26.1,125900000.0,True,29450000.0,22280000.0,-7180000.0,17,17,Abramovich
2004,Blackburn Rovers,15,-11,43,32,14,38,42,15,2004/05,9,34,27.8,73700000.0,True,7880000.0,7700000.0,-175000.0,23,24,Abramovich
2004,Portsmouth FC,9,-16,59,43,19,38,39,16,2004/05,10,37,26.6,64000000.0,True,10850000.0,6600000.0,-4250000.0,28,36,Abramovich
2004,West Bromwich Albion,16,-25,61,36,16,38,34,17,2004/05,6,32,27.6,50400000.0,True,15850000.0,1950000.0,-13900000.0,19,25,Abramovich
2004,Crystal Palace,12,-21,62,41,19,38,33,18,2004/05,7,35,25.4,38530000.0,True,5150000.0,100000.0,-5050000.0,18,15,Abramovich
2004,Norwich City,12,-35,77,42,19,38,33,19,2004/05,7,28,27.2,31050000.0,True,8530000.0,450000.0,-8080000.0,18,15,Abramovich
2004,Southampton FC,14,-21,66,45,18,38,32,20,2004/05,6,41,26.5,85480000.0,True,12760000.0,11500000.0,-1260000.0,35,31,Abramovich
2005,Chelsea FC,4,50,22,72,5,38,91,1,2005/06,29,30,25.3,363430000.0,True,91500000.0,34600000.0,-56900000.0,15,18,Abramovich
2005,Manchester United,8,38,34,72,5,38,83,2,2005/06,25,34,25.4,254580000.0,True,31800000.0,7900000.0,-23900000.0,24,27,Abramovich
2005,Liverpool FC,7,32,25,57,6,38,82,3,2005/06,25,37,24.9,216350000.0,True,44060000.0,19040000.0,-25020000.0,25,26,Abramovich
2005,Arsenal FC,7,37,31,68,11,38,67,4,2005/06,20,37,24.1,232330000.0,True,46000000.0,25000000.0,-21000000.0,16,18,Abramovich
2005,Tottenham Hotspur,11,15,38,53,9,38,65,5,2005/06,18,32,26.3,154330000.0,True,35610000.0,25450000.0,-10160000.0,24,25,Abramovich
2005,Blackburn Rovers,6,9,42,51,13,38,63,6,2005/06,19,28,28.2,63850000.0,True,9400000.0,2700000.0,-6700000.0,23,25,Abramovich
2005,Newcastle United,7,5,42,47,14,38,58,7,2005/06,17,32,26.5,150480000.0,True,61750000.0,30900000.0,-30850000.0,16,16,Abramovich
2005,Bolton Wanderers,11,8,41,49,12,38,56,8,2005/06,15,32,26.8,61850000.0,True,6200000.0,0.0,-6200000.0,13,15,Abramovich
2005,West Ham United,7,-3,55,52,15,38,55,9,2005/06,16,33,25.7,62550000.0,True,21590000.0,550000.0,-21040000.0,32,30,Abramovich
2005,Wigan Athletic,6,-7,52,45,17,38,51,10,2005/06,15,30,28.3,51920000.0,True,15770000.0,5630000.0,-10150000.0,20,20,Abramovich
2005,Everton FC,8,-15,49,34,16,38,50,11,2005/06,14,31,27.4,92920000.0,True,32729999.999999996,7000000.0,-25730000.0,17,15,Abramovich
2005,Fulham FC,6,-10,58,48,18,38,48,12,2005/06,14,33,27.7,70880000.0,True,6550000.0,4630000.0,-1930000.0,24,24,Abramovich
2005,Charlton Athletic,8,-14,55,41,17,38,47,13,2005/06,13,36,26.6,82430000.0,True,9100000.0,5710000.0,-3390000.0,31,22,Abramovich
2005,Middlesbrough FC,9,-10,58,48,17,38,45,14,2005/06,12,39,25.8,94380000.0,True,13960000.0,0.0,-13960000.0,18,12,Abramovich
2005,Manchester City,4,-5,48,43,21,38,43,15,2005/06,13,32,26.3,91900000.0,True,12480000.0,32500000.0,20030000.0,12,13,Abramovich
2005,Aston Villa,12,-13,55,42,16,38,42,16,2005/06,10,31,25.6,89600000.0,True,16540000.0,6400000.0,-10140000.0,16,15,Abramovich
2005,Portsmouth FC,8,-25,62,37,20,38,38,17,2005/06,10,36,27.5,86130000.0,True,18780000.0,12150000.0,-6630000.0,39,35,Abramovich
2005,Birmingham City,10,-22,50,28,20,38,34,18,2005/06,8,35,26.7,81830000.0,True,12100000.0,7950000.0,-4150000.0000000005,31,27,Abramovich
2005,West Bromwich Albion,9,-27,58,31,22,38,30,19,2005/06,7,32,26.6,65550000.0,True,15300000.0,9080000.0,-6230000.0,16,17,Abramovich
2005,Sunderland AFC,6,-43,69,26,29,38,15,20,2005/06,3,31,25.2,34350000.0,True,5930000.0,1430000.0,-4500000.0,24,25,Abramovich
2006,Manchester United,5,56,27,83,5,38,89,1,2006/07,28,38,25.0,259149999.99999997,True,27200000.0,18000000.0,-9200000.0,23,26,Abramovich
2006,Chelsea FC,11,40,24,64,3,38,83,2,2006/07,24,37,24.8,416760000.0,True,88980000.0,52600000.0,-36380000.0,18,17,Abramovich
2006,Liverpool FC,8,30,27,57,10,38,68,3,2006/07,20,38,24.7,239770000.0,True,46000000.0,24730000.0,-21280000.0,26,27,Abramovich
2006,Arsenal FC,11,28,35,63,8,38,68,4,2006/07,19,38,23.9,278180000.0,True,15000000.0,12630000.0,-2380000.0,14,17,Abramovich
2006,Tottenham Hotspur,9,3,54,57,12,38,60,5,2006/07,17,38,24.6,165730000.0,True,61000000.0,38650000.0,-22350000.0,19,22,Abramovich
2006,Everton FC,13,16,36,52,10,38,58,6,2006/07,15,29,26.9,109450000.0,True,17900000.0,2500000.0,-15400000.0,13,14,Abramovich
2006,Bolton Wanderers,8,-5,52,47,14,38,56,7,2006/07,16,34,26.1,72380000.0,True,17000000.0,3850000.0,-13150000.0,18,15,Abramovich
2006,Reading FC,7,5,47,52,15,38,55,8,2006/07,16,38,24.9,32880000.000000004,True,8830000.0,0.0,-8830000.0,27,17,Abramovich
2006,Portsmouth FC,12,3,42,45,12,38,54,9,2006/07,14,32,27.6,97080000.0,True,9100000.0,1250000.0,-7850000.0,28,31,Abramovich
2006,Blackburn Rovers,7,-2,54,52,16,38,52,10,2006/07,15,31,27.9,78900000.0,True,17980000.0,16910000.0,-1070000.0,27,24,Abramovich
2006,Aston Villa,17,2,41,43,10,38,50,11,2006/07,11,34,26.6,109500000.0,True,24700000.0,4330000.0,-20380000.0,18,16,Abramovich
2006,Middlesbrough FC,10,-5,49,44,16,38,46,12,2006/07,12,35,25.0,96320000.0,True,11300000.0,4680000.0,-6630000.0,21,23,Abramovich
2006,Newcastle United,10,-9,47,38,17,38,43,13,2006/07,11,35,25.7,146550000.0,True,31880000.0,11180000.0,-20700000.0,11,13,Abramovich
2006,Manchester City,9,-15,44,29,18,38,42,14,2006/07,11,34,25.9,89250000.0,True,6500000.0,4200000.0,-2300000.0,21,22,Abramovich
2006,West Ham United,5,-24,59,35,21,38,41,15,2006/07,12,39,26.3,109650000.0,True,69850000.0,6750000.0,-63100000.0,23,23,Abramovich
2006,Fulham FC,15,-22,60,38,15,38,39,16,2006/07,8,37,27.7,84680000.0,True,13800000.0,10520000.0,-3290000.0,19,23,Abramovich
2006,Wigan Athletic,8,-22,59,37,20,38,38,17,2006/07,10,37,27.6,74930000.0,True,29380000.0,24330000.0,-5050000.0,23,25,Abramovich
2006,Sheffield United,8,-23,55,32,20,38,38,18,2006/07,10,43,26.9,43360000.0,True,18380000.0,3330000.0,-15050000.0,41,39,Abramovich
2006,Charlton Athletic,10,-26,60,34,20,38,34,19,2006/07,8,37,26.3,71470000.0,True,21650000.0,2280000.0,-19380000.0,33,35,Abramovich
2006,Watford FC,13,-30,59,29,20,38,28,20,2006/07,5,43,24.4,32970000.0,True,10480000.0,13500000.0,3030000.0,32,21,Abramovich
2007,Manchester United,6,58,22,80,5,38,87,1,2007/08,27,38,25.2,354550000.0,True,106500000.0,46600000.0,-59900000.0,25,22,Abramovich
2007,Chelsea FC,10,39,26,65,3,38,85,2,2007/08,25,39,25.7,434350000.0,True,59000000.0,43650000.0,-15350000.0,20,16,Abramovich
2007,Arsenal FC,11,43,31,74,3,38,83,3,2007/08,24,35,23.3,262399999.99999997,True,30950000.0,56730000.0,25780000.0,17,18,Abramovich
2007,Liverpool FC,13,39,28,67,4,38,76,4,2007/08,21,41,24.0,305650000.0,True,90700000.0,46750000.0,-43950000.0,24,24,Abramovich
2007,Everton FC,8,22,33,55,11,38,65,5,2007/08,19,32,25.8,155300000.0,True,37550000.0,14800000.0,-22750000.0,16,16,Abramovich
2007,Aston Villa,12,20,51,71,10,38,60,6,2007/08,16,25,25.7,112100000.0,True,24900000.0,17900000.0,-7000000.0,11,16,Abramovich
2007,Blackburn Rovers,13,2,48,50,10,38,58,7,2007/08,15,38,26.1,90850000.0,True,6200000.0,3980000.0,-2230000.0,20,18,Abramovich
2007,Portsmouth FC,9,8,40,48,13,38,57,8,2007/08,16,33,27.0,141300000.0,True,58640000.0,23380000.0,-35270000.0,27,24,Abramovich
2007,Manchester City,10,-8,53,45,13,38,55,9,2007/08,15,36,24.9,150100000.0,True,77950000.0,10560000.0,-67390000.0,31,26,Abramovich
2007,West Ham United,10,-8,50,42,15,38,49,10,2007/08,13,37,26.5,120000000.0,True,47150000.0,42000000.0,-5150000.0,19,18,Abramovich
2007,Tottenham Hotspur,13,5,61,66,14,38,46,11,2007/08,11,38,24.9,220500000.0,True,94150000.0,22550000.0,-71600000.0,26,21,Abramovich
2007,Newcastle United,10,-20,65,45,17,38,43,12,2007/08,11,33,26.2,135200000.0,True,37850000.0,31700000.0,-6150000.0,19,17,Abramovich
2007,Middlesbrough FC,12,-10,53,43,16,38,42,13,2007/08,10,34,25.0,120900000.0,True,50600000.0,30230000.0,-20380000.0,21,23,Abramovich
2007,Wigan Athletic,10,-17,51,34,18,38,40,14,2007/08,10,35,27.3,77750000.0,True,17900000.0,17830000.0,-75000.0,25,21,Abramovich
2007,Sunderland AFC,6,-23,59,36,21,38,39,15,2007/08,11,46,25.4,83600000.0,True,64319999.99999999,3200000.0,-61120000.0,31,21,Abramovich
2007,Bolton Wanderers,10,-18,54,36,19,38,37,16,2007/08,9,42,26.3,104200000.0,True,22350000.0,21970000.0,-384000.0,24,22,Abramovich
2007,Fulham FC,12,-22,60,38,18,38,36,17,2007/08,8,43,28.2,99050000.0,True,50430000.0,19500000.0,-30930000.0,38,27,Abramovich
2007,Reading FC,6,-25,66,41,22,38,36,18,2007/08,10,43,25.4,65930000.00000001,True,12100000.0,5700000.0,-6400000.0,40,35,Abramovich
2007,Birmingham City,11,-16,62,46,19,38,35,19,2007/08,8,33,25.2,82500000.0,True,29300000.0,8480000.0,-20830000.0,30,28,Abramovich
2007,Derby County,8,-69,89,20,29,38,11,20,2007/08,1,41,27.3,50400000.0,True,21980000.0,5240000.0,-16739999.999999998,31,29,Abramovich
2008,Manchester United,6,44,24,68,4,38,90,1,2008/09,28,42,24.4,425950000.0,True,45250000.0,7450000.0,-37800000.0,16,17,Man City Enters
2008,Liverpool FC,11,50,27,77,2,38,86,2,2008/09,25,33,25.3,342850000.0,True,73450000.0,46450000.0,-27000000.0,27,27,Man City Enters
2008,Chelsea FC,8,44,24,68,5,38,83,3,2008/09,25,33,26.9,448550000.0,True,30500000.0,44550000.0,14050000.0,16,17,Man City Enters
2008,Arsenal FC,12,31,37,68,6,38,72,4,2008/09,20,41,22.6,311450000.0,True,40150000.0,25800000.0,-14350000.0,15,11,Man City Enters
2008,Everton FC,12,18,37,55,9,38,63,5,2008/09,17,32,25.3,190330000.0,True,25080000.0,13300000.0,-11780000.0,14,10,Man City Enters
2008,Aston Villa,11,6,48,54,10,38,62,6,2008/09,17,35,25.3,157350000.0,True,55900000.0,7520000.0,-48380000.0,19,15,Man City Enters
2008,Fulham FC,11,5,34,39,13,38,53,7,2008/09,14,38,26.8,83850000.0,True,26850000.0,16329999.999999998,-10530000.0,29,39,Man City Enters
2008,Tottenham Hotspur,9,0,45,45,15,38,51,8,2008/09,14,43,24.3,278800000.0,True,143950000.0,88050000.0,-55900000.0,34,35,Man City Enters
2008,West Ham United,9,-3,45,42,15,38,51,9,2008/09,14,40,25.8,133900000.0,True,16000000.0,68830000.0,52830000.0,26,25,Man City Enters
2008,Manchester City,5,8,50,58,18,38,50,10,2008/09,15,39,25.1,258350000.00000003,True,157350000.0,26500000.0,-130850000.0,25,18,Man City Enters
2008,Wigan Athletic,9,-11,45,34,17,38,45,11,2008/09,12,35,27.0,103750000.0,True,24100000.0,24500000.0,400000.0,21,26,Man City Enters
2008,Stoke City,9,-17,55,38,17,38,45,12,2008/09,12,38,27.4,63450000.0,True,33950000.0,765000.0,-33189999.999999996,23,18,Man City Enters
2008,Bolton Wanderers,8,-12,53,41,19,38,41,13,2008/09,11,33,26.4,81650000.0,True,23700000.0,10880000.0,-12830000.0,15,16,Man City Enters
2008,Portsmouth FC,11,-19,57,38,17,38,41,14,2008/09,10,36,28.2,152600000.0,True,28200000.0,54150000.0,25950000.0,29,25,Man City Enters
2008,Blackburn Rovers,11,-20,60,40,17,38,41,15,2008/09,10,36,26.7,91200000.0,True,11680000.0,26500000.0,14820000.0,24,26,Man City Enters
2008,Sunderland AFC,9,-20,54,34,20,38,36,16,2008/09,9,44,26.0,110300000.0,True,33110000.0,11150000.0,-21960000.0,34,34,Man City Enters
2008,Hull City,11,-25,64,39,19,38,35,17,2008/09,8,35,28.5,64700000.0,True,17950000.0,0.0,-17950000.0,26,18,Man City Enters
2008,Newcastle United,13,-19,59,40,18,38,34,18,2008/09,7,38,25.2,134550000.0,True,35480000.0,41400000.0,5930000.0,22,15,Man City Enters
2008,Middlesbrough FC,11,-29,57,28,20,38,32,19,2008/09,7,33,23.8,85450000.0,True,12800000.0,8720000.0,-4080000.0,18,18,Man City Enters
2008,West Bromwich Albion,8,-31,67,36,22,38,32,20,2008/09,8,35,25.4,66099999.99999999,True,24320000.0,10250000.0,-14070000.0,21,20,Man City Enters
2009,Chelsea FC,5,71,32,103,6,38,86,1,2009/10,27,36,26.4,451950000.0,True,30000000.0,3800000.0,-26200000.0,15,12,Man City Enters
2009,Manchester United,4,58,28,86,7,38,85,2,2009/10,27,40,25.5,384880000.0,True,27300000.0,104470000.0,77170000.0,17,17,Man City Enters
2009,Arsenal FC,6,42,41,83,9,38,75,3,2009/10,23,45,23.2,314300000.0,True,12000000.0,47700000.0,35700000.0,13,13,Man City Enters
2009,Tottenham Hotspur,7,26,41,67,10,38,70,4,2009/10,21,41,24.9,263529999.99999997,True,40300000.0,31700000.0,-8600000.0,32,31,Man City Enters
2009,Manchester City,13,28,45,73,7,38,67,5,2009/10,18,40,25.6,312500000.0,True,147300000.0,29200000.0,-118100000.0,23,29,Man City Enters
2009,Aston Villa,13,13,39,52,8,38,64,6,2009/10,17,31,27.1,167380000.0,True,46900000.0,22100000.0,-24800000.0,21,16,Man City Enters
2009,Liverpool FC,9,26,35,61,11,38,63,7,2009/10,18,34,25.2,331550000.0,True,43500000.0,48550000.0,5050000.0,21,25,Man City Enters
2009,Everton FC,13,11,49,60,9,38,61,8,2009/10,16,42,24.6,218930000.0,True,23300000.0,28340000.0,5040000.0,15,15,Man City Enters
2009,Birmingham City,11,-9,47,38,14,38,50,9,2009/10,13,36,27.1,69650000.0,True,20050000.0,400000.0,-19650000.0,26,27,Man City Enters
2009,Blackburn Rovers,11,-14,55,41,14,38,50,10,2009/10,13,35,26.8,91630000.0,True,13280000.0,36650000.0,23370000.0,39,35,Man City Enters
2009,Stoke City,14,-14,48,34,13,38,47,11,2009/10,11,39,27.0,80700000.0,True,26050000.0,6500000.0,-19550000.0,24,24,Man City Enters
2009,Fulham FC,10,-7,46,39,16,38,46,12,2009/10,12,41,27.0,101180000.0,True,7110000.0,0.0,-7110000.0,27,24,Man City Enters
2009,Sunderland AFC,11,-8,56,48,16,38,44,13,2009/10,11,38,26.1,131580000.00000001,True,37000000.0,21280000.0,-15730000.0,24,29,Man City Enters
2009,Bolton Wanderers,9,-25,67,42,19,38,39,14,2009/10,10,32,26.9,85800000.0,True,12000000.0,2000000.0,-10000000.0,25,15,Man City Enters
2009,Wolverhampton Wanderers,11,-24,56,32,18,38,38,15,2009/10,9,37,25.7,65480000.00000001,True,19450000.0,870000.0,-18580000.0,33,27,Man City Enters
2009,Wigan Athletic,9,-42,79,37,20,38,36,16,2009/10,9,36,26.6,77600000.0,True,18440000.0,25980000.0,7550000.0,19,18,Man City Enters
2009,West Ham United,11,-19,66,47,19,38,35,17,2009/10,8,36,25.2,123750000.0,True,21650000.0,41300000.0,19650000.0,22,26,Man City Enters
2009,Burnley FC,6,-40,82,42,24,38,30,18,2009/10,8,33,26.5,48150000.0,True,13540000.0,90000.0,-13450000.0,33,19,Man City Enters
2009,Hull City,12,-41,75,34,20,38,30,19,2009/10,6,37,27.6,73200000.0,True,14850000.0,7100000.0,-7750000.0,21,26,Man City Enters
2009,Portsmouth FC,7,-32,66,34,24,38,19,20,2009/10,7,45,27.0,96650000.0,True,10560000.0,52050000.0,41490000.0,32,35,Man City Enters
2010,Manchester United,11,41,37,78,4,38,80,1,2010/11,23,43,25.7,388000000.0,True,29300000.0,16970000.0,-12340000.0,16,18,Man City Enters
2010,Chelsea FC,8,36,33,69,9,38,71,2,2010/11,21,33,25.9,424100000.0,True,121500000.0,16500000.0,-105000000.0,19,21,Man City Enters
2010,Manchester City,8,27,33,60,9,38,71,3,2010/11,21,45,24.9,404180000.0,True,183610000.0,40150000.0,-143460000.0,34,27,Man City Enters
2010,Arsenal FC,11,29,43,72,8,38,68,4,2010/11,19,34,24.8,324000000.0,True,23000000.0,8100000.0,-14900000.0,18,22,Man City Enters
2010,Tottenham Hotspur,14,9,46,55,8,38,62,5,2010/11,16,38,26.3,307080000.0,True,26600000.0,2940000.0,-23670000.0,39,34,Man City Enters
2010,Liverpool FC,7,15,44,59,14,38,58,6,2010/11,17,42,24.9,339200000.0,True,97730000.0,103000000.0,5280000.0,21,24,Man City Enters
2010,Everton FC,15,6,45,51,10,38,54,7,2010/11,13,32,25.4,184480000.0,True,1700000.0,6600000.0,4900000.0,12,14,Man City Enters
2010,Fulham FC,16,6,43,49,11,38,49,8,2010/11,11,34,28.9,109550000.0,True,11050000.0,12810000.0,1760000.0,16,22,Man City Enters
2010,Aston Villa,12,-11,59,48,14,38,48,9,2010/11,12,39,26.7,202800000.0,True,37400000.0,28400000.0,-9000000.0,20,20,Man City Enters
2010,Sunderland AFC,11,-11,56,45,15,38,47,10,2010/11,12,39,25.2,149330000.0,True,29100000.0,41780000.0,12680000.0,31,31,Man City Enters
2010,West Bromwich Albion,11,-15,71,56,15,38,47,11,2010/11,12,37,25.8,86880000.0,True,13830000.0,850000.0,-12980000.0,28,24,Man City Enters
2010,Newcastle United,13,-1,57,56,14,38,46,12,2010/11,11,38,25.2,119480000.0,True,13980000.0,41750000.0,27770000.0,18,16,Man City Enters
2010,Stoke City,7,-2,48,46,18,38,46,13,2010/11,13,33,28.5,94450000.0,True,21100000.0,6780000.0,-14330000.0,24,23,Man City Enters
2010,Bolton Wanderers,10,-4,56,52,16,38,46,14,2010/11,12,34,26.9,100150000.0,True,5400000.0,1400000.0,-4000000.0,17,19,Man City Enters
2010,Blackburn Rovers,10,-13,59,46,17,38,43,15,2010/11,11,37,26.6,91530000.0,True,5050000.0,275000.0,-4780000.0,30,30,Man City Enters
2010,Wigan Athletic,15,-21,61,40,14,38,42,16,2010/11,9,35,25.5,80500000.0,True,11400000.0,3400000.0,-8000000.0,23,21,Man City Enters
2010,Wolverhampton Wanderers,7,-20,66,46,20,38,40,17,2010/11,11,42,25.2,83550000.0,True,20220000.0,6440000.0,-13780000.0,28,25,Man City Enters
2010,Birmingham City,15,-21,58,37,15,38,39,18,2010/11,8,34,27.3,95380000.0,True,25600000.0,175000.0,-25430000.0,24,21,Man City Enters
2010,Blackpool FC,9,-23,78,55,19,38,39,19,2010/11,10,45,25.7,50030000.0,True,5730000.0,700000.0,-5030000.0,27,23,Man City Enters
2010,West Ham United,12,-27,70,43,19,38,33,20,2010/11,7,42,26.2,138850000.0,True,18030000.0,4950000.0,-13080000.0,18,17,Man City Enters
2011,Manchester City,5,64,29,93,5,38,89,1,2011/12,28,36,25.9,498600000.0,True,91050000.0,31200000.0,-59850000.0,29,35,FFP Era
2011,Manchester United,5,56,33,89,5,38,89,2,2011/12,28,41,25.1,404100000.0,True,62300000.0,12900000.0,-49410000.0,15,18,FFP Era
2011,Arsenal FC,7,25,49,74,10,38,70,3,2011/12,21,45,24.7,362430000.0,True,65480000.00000001,78290000.0,12820000.0,33,26,FFP Era
2011,Tottenham Hotspur,9,25,41,66,9,38,69,4,2011/12,20,50,25.7,323500000.0,True,9000000.0,43250000.0,34250000.0,36,35,FFP Era
2011,Newcastle United,8,5,51,56,11,38,65,5,2011/12,19,37,25.3,161700000.0,True,27000000.0,16040000.0,-10960000.0,27,26,FFP Era
2011,Chelsea FC,10,19,46,65,10,38,64,6,2011/12,18,32,27.1,375500000.0,True,96450000.0,31560000.0,-64890000.0,22,22,FFP Era
2011,Everton FC,11,10,40,50,12,38,56,7,2011/12,15,36,26.8,169950000.0,True,7200000.0,26800000.0,19600000.0,19,15,FFP Era
2011,Liverpool FC,10,7,40,47,14,38,52,8,2011/12,14,31,26.1,236900000.0,True,69330000.0,22000000.0,-47330000.0,21,18,FFP Era
2011,Fulham FC,10,-3,51,48,14,38,52,9,2011/12,14,36,27.6,100000000.0,True,18130000.0,7670000.0,-10460000.0,21,17,FFP Era
2011,West Bromwich Albion,8,-7,52,45,17,38,47,10,2011/12,13,36,26.5,69550000.0,True,9140000.0,11120000.0,1980000.0,25,26,FFP Era
2011,Swansea City,11,-7,51,44,15,38,47,11,2011/12,12,34,26.0,75600000.0,True,12850000.0,455000.0,-12400000.0,23,20,FFP Era
2011,Norwich City,11,-14,66,52,15,38,47,12,2011/12,12,29,26.0,58750000.0,True,15250000.0,500000.0,-14750000.0,19,18,FFP Era
2011,Sunderland AFC,12,-1,46,45,15,38,45,13,2011/12,11,36,25.9,126500000.0,True,27920000.0,26330000.0,-1600000.0,35,32,FFP Era
2011,Stoke City,12,-17,53,36,15,38,45,14,2011/12,11,32,29.1,81650000.0,True,24800000.0,1990000.0,-22820000.0,26,26,FFP Era
2011,Wigan Athletic,10,-20,62,42,17,38,43,15,2011/12,11,30,26.7,74250000.0,True,12380000.0,11290000.0,-1090000.0,23,15,FFP Era
2011,Aston Villa,17,-16,53,37,14,38,38,16,2011/12,7,37,26.2,123500000.0,True,20340000.0,43750000.0,23410000.0,20,25,FFP Era
2011,Queens Park Rangers,7,-23,66,43,21,38,37,17,2011/12,10,48,28.2,81380000.0,True,26230000.0,2800000.0,-23430000.0,46,40,FFP Era
2011,Bolton Wanderers,6,-31,77,46,22,38,36,18,2011/12,10,38,26.4,90050000.0,True,15600000.0,16329999.999999998,730000.0,24,21,FFP Era
2011,Blackburn Rovers,7,-30,78,48,23,38,31,19,2011/12,8,37,25.9,80000000.0,True,20550000.0,40300000.0,19750000.0,25,28,FFP Era
2011,Wolverhampton Wanderers,10,-42,82,40,23,38,25,20,2011/12,5,37,25.6,78050000.0,True,12050000.0,2600000.0,-9450000.0,29,32,FFP Era
2012,Manchester United,5,43,43,86,5,38,89,1,2012/13,28,41,25.3,457500000.0,True,76450000.0,9650000.0,-66800000.0,18,15,FFP Era
2012,Manchester City,9,32,34,66,6,38,78,2,2012/13,23,41,25.3,502100000.0,True,61950000.0,44300000.0,-17650000.0,24,26,FFP Era
2012,Chelsea FC,9,36,39,75,7,38,75,3,2012/13,22,34,26.4,454250000.0,True,109700000.0,25450000.0,-84250000.0,29,28,FFP Era
2012,Arsenal FC,10,35,37,72,7,38,73,4,2012/13,21,42,24.4,296900000.0,True,56000000.0,65849999.99999999,9850000.0,16,18,FFP Era
2012,Tottenham Hotspur,9,20,46,66,8,38,72,5,2012/13,21,41,26.0,296800000.0,True,73250000.0,72780000.0,-470000.0,29,34,FFP Era
2012,Everton FC,15,15,40,55,7,38,63,6,2012/13,16,29,26.2,139750000.0,True,21650000.0,18750000.0,-2900000.0,11,13,FFP Era
2012,Liverpool FC,13,28,43,71,9,38,61,7,2012/13,16,41,24.0,276100000.0,True,70600000.0,10450000.0,-60150000.0,19,18,FFP Era
2012,West Bromwich Albion,7,-4,57,53,17,38,49,8,2012/13,14,32,26.6,93500000.0,True,5000000.0,3730000.0,-1280000.0,16,18,FFP Era
2012,Swansea City,13,-4,51,47,14,38,46,9,2012/13,11,33,26.7,102250000.0,True,20470000.0,32600000.0,12130000.0,20,22,FFP Era
2012,West Ham United,10,-8,53,45,16,38,46,10,2012/13,12,39,25.9,103000000.0,True,23900000.0,5050000.0,-18850000.0,24,28,FFP Era
2012,Norwich City,14,-17,58,41,14,38,44,11,2012/13,10,36,26.4,73250000.0,True,11080000.0,380000.0,-10700000.0,28,24,FFP Era
2012,Fulham FC,10,-10,60,50,17,38,43,12,2012/13,11,37,28.0,109850000.0,True,10000000.0,31420000.0,21420000.0,26,28,FFP Era
2012,Stoke City,15,-11,45,34,14,38,42,13,2012/13,9,30,28.9,104050000.0,True,23680000.0,640000.0,-23040000.0,23,24,FFP Era
2012,Southampton FC,14,-11,60,49,15,38,41,14,2012/13,9,40,25.3,83050000.0,True,41500000.0,0.0,-41500000.0,29,25,FFP Era
2012,Aston Villa,11,-22,69,47,17,38,41,15,2012/13,10,33,25.2,110500000.0,True,27830000.0,3200000.0,-24630000.0,18,12,FFP Era
2012,Newcastle United,8,-23,68,45,19,38,41,16,2012/13,11,39,25.1,200250000.0,True,31970000.0,14800000.0,-17170000.0,21,19,FFP Era
2012,Sunderland AFC,12,-13,54,41,17,38,39,17,2012/13,9,37,25.8,133900000.0,True,38300000.0,14830000.0,-23480000.0,26,30,FFP Era
2012,Wigan Athletic,9,-26,73,47,20,38,36,18,2012/13,9,37,26.2,91550000.0,True,10540000.0,13250000.0,2720000.0,21,23,FFP Era
2012,Reading FC,10,-30,73,43,22,38,28,19,2012/13,6,35,26.9,46250000.0,True,10820000.0,900000.0,-9920000.0,33,27,FFP Era
2012,Queens Park Rangers,13,-30,60,30,21,38,25,20,2012/13,4,38,29.2,120050000.0,True,50350000.0,4510000.0,-45840000.0,38,46,FFP Era
2013,Manchester City,5,65,37,102,6,38,86,1,2013/14,27,27,27.3,455800000.0,True,115500000.0,11300000.0,-104200000.0,16,18,FFP Era
2013,Liverpool FC,6,51,50,101,6,38,84,2,2013/14,26,36,24.6,315750000.0,True,58100000.0,32500000.0,-25600000.0,18,23,FFP Era
2013,Chelsea FC,7,44,27,71,6,38,82,3,2013/14,25,49,25.2,584200000.0,True,130350000.0,77930000.0,-52420000.0,38,36,FFP Era
2013,Arsenal FC,7,27,41,68,7,38,79,4,2013/14,24,41,25.0,385750000.0,True,49250000.0,12150000.0,-37100000.0,21,22,FFP Era
2013,Everton FC,9,22,39,61,8,38,72,5,2013/14,21,34,26.5,210000000.0,True,31800000.0,46100000.0,14300000.0,19,19,FFP Era
2013,Tottenham Hotspur,6,4,51,55,11,38,69,6,2013/14,21,41,24.4,288950000.0,True,122550000.0,138400000.0,15850000.0,30,28,FFP Era
2013,Manchester United,7,21,43,64,12,38,64,7,2013/14,19,37,26.1,402550000.0,True,77130000.0,1800000.0,-75330000.0,18,20,FFP Era
2013,Southampton FC,11,8,46,54,12,38,56,8,2013/14,15,35,24.7,131500000.0,True,39600000.0,4950000.0,-34650000.0,15,23,FFP Era
2013,Stoke City,11,-7,52,45,14,38,50,9,2013/14,13,33,27.1,104700000.0,True,7000000.0,0.0,-7000000.0,20,20,FFP Era
2013,Newcastle United,4,-16,59,43,19,38,49,10,2013/14,15,37,25.3,172300000.0,True,3800000.0,25870000.0,22070000.0,14,17,FFP Era
2013,Crystal Palace,6,-15,48,33,19,38,45,11,2013/14,13,45,27.2,68700000.0,True,33000000.0,0.0,-33000000.0,42,32,FFP Era
2013,Swansea City,9,0,54,54,18,38,42,12,2013/14,11,36,26.1,128930000.0,True,26610000.0,0.0,-26610000.0,24,17,FFP Era
2013,West Ham United,7,-11,51,40,20,38,40,13,2013/14,11,46,26.2,109750000.0,True,24000000.0,530000.0,-23470000.0,24,19,FFP Era
2013,Sunderland AFC,8,-19,60,41,20,38,38,14,2013/14,10,39,26.0,122000000.0,True,33910000.0,22380000.0,-11530000.0,36,33,FFP Era
2013,Aston Villa,8,-22,61,39,20,38,38,15,2013/14,10,36,25.2,109500000.0,True,19840000.0,8100000.0,-11740000.0,33,29,FFP Era
2013,Hull City,7,-15,53,38,21,38,37,16,2013/14,10,34,27.7,68150000.0,True,31100000.0,880000.0,-30220000.0,32,31,FFP Era
2013,West Bromwich Albion,15,-16,59,43,16,38,36,17,2013/14,7,33,27.7,90800000.0,True,15700000.0,11400000.0,-4300000.0,16,16,FFP Era
2013,Norwich City,9,-34,62,28,21,38,33,18,2013/14,8,32,27.0,89300000.0,True,30050000.0,4840000.0,-25220000.0,21,21,FFP Era
2013,Fulham FC,5,-45,85,40,24,38,32,19,2013/14,9,48,26.4,112650000.0,True,29300000.0,4150000.0000000005,-25150000.0,33,29,FFP Era
2013,Cardiff City,9,-42,74,32,22,38,30,20,2013/14,7,42,25.9,87900000.0,True,45820000.0,3740000.0,-42080000.0,32,29,FFP Era
2014,Chelsea FC,9,41,32,73,3,38,87,1,2014/15,26,38,25.4,557250000.0,True,137700000.0,142810000.0,5110000.0,42,48,FFP Era
2014,Manchester City,7,45,38,83,7,38,79,2,2014/15,24,34,27.1,448250000.0,True,102800000.0,30300000.0,-72500000.0,14,16,FFP Era
2014,Arsenal FC,9,35,36,71,7,38,75,3,2014/15,22,42,24.5,414750000.0,True,118980000.0,27800000.0,-91180000.0,18,22,FFP Era
2014,Manchester United,10,25,37,62,8,38,70,4,2014/15,20,43,25.4,505400000.0,True,195350000.0,46700000.0,-148650000.0,25,26,FFP Era
2014,Tottenham Hotspur,7,5,53,58,12,38,64,5,2014/15,19,42,25.2,304150000.0,True,48480000.0,44150000.0,-4330000.0,20,24,FFP Era
2014,Liverpool FC,8,4,48,52,12,38,62,6,2014/15,18,35,24.8,324850000.0,True,151430000.0,99270000.0,-52160000.0,25,21,FFP Era
2014,Southampton FC,6,21,33,54,14,38,60,7,2014/15,18,37,25.1,210250000.0,True,96000000.0,123830000.0,27830000.0,25,21,FFP Era
2014,Swansea City,8,-3,49,46,14,38,56,8,2014/15,16,36,25.8,130750000.0,True,41530000.0,61900000.0,20370000.0,24,27,FFP Era
2014,Stoke City,9,3,45,48,14,38,54,9,2014/15,15,30,28.0,110500000.0,True,1800000.0,3800000.0,2000000.0,18,19,FFP Era
2014,Crystal Palace,9,-4,51,47,16,38,48,10,2014/15,13,42,27.6,97250000.0,True,31220000.0,2870000.0,-28350000.0,41,39,FFP Era
2014,Everton FC,11,-2,50,48,15,38,47,11,2014/15,12,40,25.7,182850000.0,True,40160000.0,1900000.0,-38260000.0,18,15,FFP Era
2014,West Ham United,11,-3,47,44,15,38,47,12,2014/15,12,36,26.2,135900000.0,True,35150000.0,4400000.0,-30750000.0,25,26,FFP Era
2014,West Bromwich Albion,11,-13,51,38,16,38,44,13,2014/15,11,34,27.0,95950000.0,True,24880000.0,2300000.0,-22580000.0,16,20,FFP Era
2014,Leicester City,8,-9,55,46,19,38,41,14,2014/15,11,37,27.4,66700000.0,True,22860000.0,0.0,-22860000.0,31,24,FFP Era
2014,Newcastle United,9,-23,63,40,19,38,39,15,2014/15,10,42,24.4,140000000.0,True,45020000.0,23870000.0,-21150000.0,23,25,FFP Era
2014,Sunderland AFC,17,-22,53,31,14,38,38,16,2014/15,7,34,26.3,91000000.0,True,22520000.0,7250000.0,-15270000.0,21,31,FFP Era
2014,Aston Villa,8,-26,57,31,20,38,38,17,2014/15,10,38,25.9,114250000.0,True,13450000.0,1320000.0,-12140000.0,29,32,FFP Era
2014,Hull City,11,-18,51,33,19,38,35,18,2014/15,8,35,27.5,117100000.0,True,48220000.0,18700000.0,-29520000.0,30,28,FFP Era
2014,Burnley FC,12,-25,53,28,19,38,33,19,2014/15,7,30,27.0,52550000.0,True,12620000.0,0.0,-12620000.0,24,23,FFP Era
2014,Queens Park Rangers,6,-31,73,42,24,38,30,20,2014/15,8,41,26.6,112250000.0,True,43540000.0,26040000.0,-17500000.0,35,35,FFP Era
2015,Leicester City,12,32,36,68,3,38,81,1,2015/16,23,35,27.3,161100000.0,True,49900000.0,9450000.0,-40450000.0,25,32,FFP Era
2015,Arsenal FC,11,29,36,65,7,38,71,2,2015/16,20,41,25.2,457850000.0,True,26500000.0,2500000.0,-24000000.0,15,12,FFP Era
2015,Tottenham Hotspur,13,34,35,69,6,38,70,3,2015/16,19,31,24.2,371850000.0,True,71000000.0,87250000.0,16250000.0,11,21,FFP Era
2015,Manchester City,9,30,41,71,10,38,66,4,2015/16,19,38,25.9,499350000.0,True,208470000.0,67440000.0,-141030000.0,22,25,FFP Era
2015,Manchester United,9,14,35,49,10,38,66,5,2015/16,19,44,24.1,439850000.0,True,156000000.0,100670000.0,-55330000.0,21,20,FFP Era
2015,Southampton FC,9,18,41,59,11,38,63,6,2015/16,18,35,25.6,225500000.0,True,60100000.0,52700000.0,-7400000.0,16,17,FFP Era
2015,West Ham United,14,14,51,65,8,38,62,7,2015/16,16,50,24.7,201330000.0,True,52700000.0,18520000.0,-34190000.0,25,26,FFP Era
2015,Liverpool FC,12,13,50,63,10,38,60,8,2015/16,16,44,23.9,375250000.0,True,126500000.0,90550000.0,-35950000.0,24,24,FFP Era
2015,Stoke City,9,-14,55,41,15,38,51,9,2015/16,14,31,27.9,147000000.0,True,53650000.0,23200000.0,-30450000.0,13,14,FFP Era
2015,Chelsea FC,14,6,53,59,12,38,50,10,2015/16,12,40,25.2,553500000.0,True,96500000.0,87490000.0,-9010000.0,39,37,FFP Era
2015,Everton FC,14,4,55,59,13,38,47,11,2015/16,11,39,26.1,249850000.0,True,48200000.0,11000000.0,-37200000.0,18,17,FFP Era
2015,Swansea City,11,-10,52,42,15,38,47,12,2015/16,12,36,26.4,145800000.0,True,21810000.0,16810000.0,-5010000.0,20,24,FFP Era
2015,Watford FC,9,-10,50,40,17,38,45,13,2015/16,12,39,27.8,137000000.0,True,82800000.0,9750000.0,-73050000.0,33,30,FFP Era
2015,West Bromwich Albion,13,-14,48,34,15,38,43,14,2015/16,10,35,26.9,113100000.0,True,42900000.0,12920000.0,-29980000.0,12,13,FFP Era
2015,Crystal Palace,9,-12,51,39,18,38,42,15,2015/16,11,38,27.2,135700000.0,True,28800000.0,5400000.0,-23400000.0,19,23,FFP Era
2015,AFC Bournemouth,9,-22,67,45,18,38,42,16,2015/16,11,49,25.6,99900000.0,True,55110000.0,650000.0,-54460000.0,36,33,FFP Era
2015,Sunderland AFC,12,-14,62,48,17,38,39,17,2015/16,9,42,27.0,111250000.0,True,66050000.0,11000000.0,-55050000.0,29,25,FFP Era
2015,Newcastle United,10,-21,65,44,19,38,37,18,2015/16,9,42,25.2,198000000.0,True,107910000.0,5430000.0,-102480000.0,26,23,FFP Era
2015,Norwich City,7,-28,67,39,22,38,34,19,2015/16,9,41,27.0,116900000.0,True,50500000.0,21490000.0,-29010000.0,33,30,FFP Era
2015,Aston Villa,8,-49,76,27,27,38,17,20,2015/16,3,44,25.1,117950000.0,True,66550000.0,64700000.0,-1850000.0,29,32,FFP Era
2016,Chelsea FC,3,52,33,85,5,38,93,1,2016/17,30,49,25.4,686700000.0,True,132800000.00000001,108900000.0,-23900000.0,27,30,TV Money Explosion
2016,Tottenham Hotspur,8,60,26,86,4,38,86,2,2016/17,26,38,24.1,543650000.0,True,83500000.0,52300000.0,-31200000.0,8,8,TV Money Explosion
2016,Manchester City,9,41,39,80,6,38,78,3,2016/17,23,35,26.9,576500000.0,True,216250000.0,35350000.0,-180900000.0,31,25,TV Money Explosion
2016,Liverpool FC,10,36,42,78,6,38,76,4,2016/17,22,38,24.9,425650000.0,True,79900000.0,88980000.0,9080000.0,21,19,TV Money Explosion
2016,Arsenal FC,6,33,44,77,9,38,75,5,2016/17,23,42,25.3,542000000.0,True,113000000.0,10350000.0,-102650000.0,11,12,TV Money Explosion
2016,Manchester United,15,25,29,54,5,38,69,6,2016/17,18,42,25.0,531450000.00000006,True,185000000.0,47250000.0,-137750000.0,8,13,TV Money Explosion
2016,Everton FC,10,18,44,62,11,38,61,7,2016/17,17,39,26.4,311250000.0,True,86000000.0,60800000.0,-25200000.0,18,19,TV Money Explosion
2016,Southampton FC,10,-7,48,41,16,38,46,8,2016/17,12,36,25.9,263750000.0,True,68900000.0,85050000.0,16149999.999999998,12,9,TV Money Explosion
2016,AFC Bournemouth,10,-12,67,55,16,38,46,9,2016/17,12,41,24.8,131600000.0,True,40690000.0,23690000.0,-17000000.0,19,31,TV Money Explosion
2016,West Bromwich Albion,9,-8,51,43,17,38,45,10,2016/17,12,30,27.7,123200000.0,True,37900000.0,26980000.0,-10930000.0,13,14,TV Money Explosion
2016,West Ham United,9,-17,64,47,17,38,45,11,2016/17,12,44,25.1,273050000.0,True,83500000.0,41000000.0,-42500000.0,22,15,TV Money Explosion
2016,Leicester City,8,-15,63,48,18,38,44,12,2016/17,12,31,27.1,218650000.0,True,92100000.0,66050000.0,-26050000.0,17,18,TV Money Explosion
2016,Stoke City,11,-15,56,41,16,38,44,13,2016/17,11,34,27.7,186000000.0,True,42170000.0,3800000.0,-38370000.0,14,13,TV Money Explosion
2016,Crystal Palace,5,-13,63,50,21,38,41,14,2016/17,12,45,26.6,228430000.0,True,101200000.0,50200000.0,-51000000.0,22,24,TV Money Explosion
2016,Swansea City,5,-25,70,45,21,38,41,15,2016/17,12,37,27.4,157100000.0,True,58100000.0,49300000.0,-8800000.0,21,17,TV Money Explosion
2016,Burnley FC,7,-16,55,39,20,38,40,16,2016/17,11,36,27.2,107180000.0,True,45600000.0,1200000.0,-44400000.0,27,26,TV Money Explosion
2016,Watford FC,7,-28,68,40,20,38,40,17,2016/17,11,46,27.3,175650000.0,True,70450000.0,58100000.0,-12350000.0,29,32,TV Money Explosion
2016,Hull City,7,-43,80,37,22,38,34,18,2016/17,9,42,26.5,135850000.0,True,40000000.0,28900000.0,-11100000.0,26,17,TV Money Explosion
2016,Middlesbrough FC,13,-26,53,27,20,38,28,19,2016/17,5,35,27.9,128800000.00000001,True,47950000.0,13500000.0,-34450000.0,18,19,TV Money Explosion
2016,Sunderland AFC,6,-40,69,29,26,38,24,20,2016/17,6,42,25.8,132000000.0,True,41900000.0,23770000.0,-18130000.0,25,23,TV Money Explosion
2017,Manchester City,4,79,27,106,2,38,100,1,2017/18,32,32,25.5,1010000000.0,True,317500000.0,91350000.0,-226150000.0,31,32,TV Money Explosion
2017,Manchester United,6,40,28,68,7,38,81,2,2017/18,25,35,26.6,849500000.0,True,198400000.0,45500000.0,-152900000.0,12,10,TV Money Explosion
2017,Tottenham Hotspur,8,38,36,74,7,38,77,3,2017/18,23,34,25.2,829600000.0,True,121000000.0,103800000.0,-17200000.0,15,12,TV Money Explosion
2017,Liverpool FC,12,46,38,84,5,38,75,4,2017/18,21,35,25.4,857500000.0,True,173650000.0,184500000.0,10850000.0,13,15,TV Money Explosion
2017,Chelsea FC,7,24,38,62,10,38,70,5,2017/18,21,46,25.3,884250000.0,True,260500000.0,194600000.0,-65900000.00000001,40,31,TV Money Explosion
2017,Arsenal FC,6,23,51,74,13,38,63,6,2017/18,19,45,25.4,694000000.0,True,152850000.0,162400000.0,9550000.0,10,16,TV Money Explosion
2017,Burnley FC,12,-3,39,36,12,38,54,7,2017/18,14,30,28.3,169300000.0,True,35740000.0,50000000.0,14260000.0,20,22,TV Money Explosion
2017,Everton FC,10,-14,58,44,15,38,49,8,2017/18,13,48,25.4,381250000.0,True,203200000.0,126380000.0,-76820000.0,23,20,TV Money Explosion
2017,Leicester City,11,-4,60,56,15,38,47,9,2017/18,12,34,27.0,304250000.0,True,83850000.0,50100000.0,-33750000.0,14,13,TV Money Explosion
2017,Newcastle United,8,-8,47,39,18,38,44,10,2017/18,12,37,25.9,208280000.0,True,46500000.0,21220000.0,-25280000.0,27,29,TV Money Explosion
2017,Crystal Palace,11,-10,55,45,16,38,44,11,2017/18,11,41,26.3,220730000.0,True,55950000.0,3000000.0,-52950000.0,15,18,TV Money Explosion
2017,AFC Bournemouth,11,-16,61,45,16,38,44,12,2017/18,11,35,26.4,144500000.0,True,34300000.0,0.0,-34300000.0,15,14,TV Money Explosion
2017,West Ham United,12,-20,68,48,16,38,42,13,2017/18,10,42,25.8,268100000.00000003,True,56800000.0,64019999.99999999,7220000.0,15,25,TV Money Explosion
2017,Watford FC,8,-20,64,44,19,38,41,14,2017/18,11,37,27.4,196000000.0,True,73400000.0,18740000.0,-54660000.0,32,30,TV Money Explosion
2017,Brighton & Hove Albion,13,-20,54,34,16,38,40,15,2017/18,9,39,27.3,148200000.0,True,70000000.0,400000.0,-69600000.0,23,22,TV Money Explosion
2017,Huddersfield Town,10,-30,58,28,19,38,37,16,2017/18,9,35,26.1,106050000.0,True,56750000.0,6460000.0,-50300000.0,22,16,TV Money Explosion
2017,Southampton FC,15,-19,56,37,16,38,36,17,2017/18,7,29,26.4,297000000.0,True,61250000.0,98350000.0,37100000.0,12,14,TV Money Explosion
2017,Swansea City,9,-28,56,28,21,38,33,18,2017/18,8,36,26.8,165490000.0,True,73390000.0,81100000.0,7720000.0,21,24,TV Money Explosion
2017,Stoke City,12,-33,68,35,19,38,33,19,2017/18,7,35,26.8,192450000.0,True,57700000.0,35140000.0,-22560000.0,18,17,TV Money Explosion
2017,West Bromwich Albion,13,-25,56,31,19,38,31,20,2017/18,6,33,27.0,165950000.0,True,53500000.0,2049999.9999999998,-51450000.0,17,11,TV Money Explosion
2018,Manchester City,2,72,23,95,4,38,98,1,2018/19,32,47,24.6,1200000000.0,True,78590000.0,57600000.0,-20990000.0,19,22,TV Money Explosion
2018,Liverpool FC,7,67,22,89,1,38,97,2,2018/19,30,39,25.2,1170000000.0,True,192200000.0,41320000.0,-150880000.0,18,21,TV Money Explosion
2018,Chelsea FC,9,24,39,63,8,38,72,3,2018/19,21,54,26.2,1170000000.0,True,208800000.0,83250000.0,-125550000.0,30,31,TV Money Explosion
2018,Tottenham Hotspur,2,28,39,67,13,38,71,4,2018/19,23,34,26.0,898600000.0,True,0.0,5350000.0,5350000.0,4,4,TV Money Explosion
2018,Arsenal FC,7,22,51,73,10,38,70,5,2018/19,21,42,25.4,659050000.0,True,80150000.0,9100000.0,-71050000.0,17,12,TV Money Explosion
2018,Manchester United,9,11,54,65,10,38,66,6,2018/19,19,36,25.9,797600000.0,True,82700000.0,30550000.0,-52150000.0,10,10,TV Money Explosion
2018,Wolverhampton Wanderers,9,1,46,47,13,38,57,7,2018/19,16,40,24.5,302900000.0,True,117500000.0,23300000.0,-94200000.0,35,46,TV Money Explosion
2018,Everton FC,9,8,46,54,14,38,54,8,2018/19,15,40,26.6,529100000.0,True,99800000.0,28650000.0,-71150000.0,19,23,TV Money Explosion
2018,Leicester City,7,3,48,51,16,38,52,9,2018/19,15,37,26.9,434100000.0,True,114600000.0,95800000.0,-18800000.0,17,18,TV Money Explosion
2018,West Ham United,7,-3,55,52,16,38,52,10,2018/19,15,37,27.1,359000000.0,True,100900000.0,13770000.0,-87140000.0,18,13,TV Money Explosion
2018,Watford FC,8,-7,59,52,16,38,50,11,2018/19,14,39,26.7,239100000.0,True,30100000.0,51840000.0,21740000.0,26,27,TV Money Explosion
2018,Crystal Palace,7,-2,53,51,17,38,49,12,2018/19,14,36,26.9,289000000.0,True,11850000.0,350000.0,-11500000.0,11,16,TV Money Explosion
2018,Newcastle United,9,-6,48,42,17,38,45,13,2018/19,12,37,26.6,244650000.0,True,59750000.0,51050000.0,-8700000.0,22,23,TV Money Explosion
2018,AFC Bournemouth,6,-14,70,56,19,38,45,14,2018/19,13,37,26.2,310000000.0,True,91600000.0,20200000.0,-71400000.0,14,16,TV Money Explosion
2018,Burnley FC,7,-23,68,45,20,38,40,15,2018/19,11,33,28.6,197250000.0,True,33000000.0,8000000.0,-25000000.0,10,13,TV Money Explosion
2018,Southampton FC,12,-20,65,45,17,38,39,16,2018/19,9,40,25.5,305400000.0,True,62250000.0,26100000.0,-36150000.0,16,18,TV Money Explosion
2018,Brighton & Hove Albion,9,-25,60,35,20,38,36,17,2018/19,9,41,26.3,194350000.0,True,90620000.0,13620000.0,-77000000.0,28,29,TV Money Explosion
2018,Cardiff City,4,-35,69,34,24,38,34,18,2018/19,10,35,27.8,113000000.0,True,51200000.0,0.0,-51200000.0,18,18,TV Money Explosion
2018,Fulham FC,5,-47,81,34,26,38,26,19,2018/19,7,33,26.2,254250000.0,True,116500000.0,5350000.0,-111150000.0,18,11,TV Money Explosion
2018,Huddersfield Town,7,-54,76,22,28,38,16,20,2018/19,3,33,25.8,137450000.0,True,50700000.0,12330000.0,-38370000.0,14,16,TV Money Explosion
2019,Liverpool FC,3,52,33,85,3,38,99,1,2019/20,32,56,23.8,1000000000.0,True,10400000.0,48000000.0,37600000.0,15,16,TV Money Explosion
2019,Manchester City,3,67,35,102,9,38,81,2,2019/20,26,35,25.4,1050000000.0,True,169820000.0,71000000.0,-98820000.0,25,26,TV Money Explosion
2019,Manchester United,12,30,36,66,8,38,66,3,2019/20,18,43,24.4,670450000.0,True,236800000.0,81180000.0,-155620000.0,13,12,TV Money Explosion
2019,Chelsea FC,6,15,54,69,12,38,66,4,2019/20,20,36,24.7,705850000.0,True,45000000.0,165070000.0,120070000.0,22,29,TV Money Explosion
2019,Leicester City,8,26,41,67,12,38,62,5,2019/20,18,32,26.4,411100000.0,True,104300000.0,88500000.0,-15800000.0,13,13,TV Money Explosion
2019,Tottenham Hotspur,11,14,47,61,11,38,59,6,2019/20,16,36,25.3,806800000.0,True,150500000.0,64500000.0,-86000000.0,12,14,TV Money Explosion
2019,Wolverhampton Wanderers,14,11,40,51,9,38,59,7,2019/20,15,44,23.6,320330000.0,True,116700000.0,24100000.0,-92600000.0,28,26,TV Money Explosion
2019,Arsenal FC,14,8,48,56,10,38,56,8,2019/20,14,38,24.8,607650000.0,True,160800000.0,53650000.0,-107150000.0,16,19,TV Money Explosion
2019,Sheffield United,12,0,39,39,12,38,54,9,2019/20,14,34,27.9,138600000.0,True,72500000.0,350000.0,-72150000.0,23,21,TV Money Explosion
2019,Burnley FC,9,-7,50,43,14,38,54,10,2019/20,15,35,26.8,163880000.0,True,23850000.0,13550000.0,-10300000.0,8,11,TV Money Explosion
2019,Southampton FC,7,-9,60,51,16,38,52,11,2019/20,15,36,25.0,210750000.0,True,61500000.0,27300000.0,-34200000.0,14,17,TV Money Explosion
2019,Everton FC,10,-12,56,44,15,38,49,12,2019/20,13,35,26.5,420550000.0,True,121000000.0,87800000.0,-33200000.000000004,22,22,TV Money Explosion
2019,Newcastle United,11,-20,58,38,16,38,44,13,2019/20,11,41,26.6,252480000.0,True,72400000.0,35640000.0,-36760000.0,13,11,TV Money Explosion
2019,Crystal Palace,10,-19,50,31,17,38,43,14,2019/20,11,33,27.4,189330000.0,True,7600000.0,55380000.0,47780000.0,13,15,TV Money Explosion
2019,Brighton & Hove Albion,14,-15,54,39,15,38,41,15,2019/20,9,45,25.3,200780000.0,True,61740000.0,8500000.0,-53240000.0,25,30,TV Money Explosion
2019,West Ham United,9,-13,62,49,19,38,39,16,2019/20,10,38,27.0,303600000.0,True,119800000.0,55730000.0,-64069999.99999999,10,17,TV Money Explosion
2019,Aston Villa,8,-26,67,41,21,38,35,17,2019/20,9,38,26.2,231700000.0,True,159500000.0,3000000.0,-156500000.0,22,22,TV Money Explosion
2019,AFC Bournemouth,7,-25,65,40,22,38,34,18,2019/20,9,39,25.4,272180000.0,True,54910000.0,34630000.0,-20290000.0,13,12,TV Money Explosion
2019,Watford FC,10,-28,64,36,20,38,34,19,2019/20,8,43,26.2,199600000.0,True,56000000.0,29400000.0,-26600000.0,21,21,TV Money Explosion
2019,Norwich City,6,-49,75,26,27,38,21,20,2019/20,5,38,26.0,145330000.0,True,8820000.0,2200000.0,-6620000.0,22,27,TV Money Explosion
2020,Manchester City,5,51,32,83,6,38,86,1,2020/21,27,36,25.3,1040000000.0,True,173400000.0,64000000.0,-109400000.0,27,27,State Ownership Maturity
2020,Manchester United,11,29,44,73,6,38,74,2,2020/21,21,39,25.4,770050000.0,True,83950000.0,19500000.0,-64450000.0,17,17,State Ownership Maturity
2020,Liverpool FC,9,26,42,68,9,38,69,3,2020/21,20,43,24.9,969650000.0,True,84800000.0,17200000.0,-67600000.0,17,13,State Ownership Maturity
2020,Chelsea FC,10,22,36,58,9,38,67,4,2020/21,19,39,25.7,889200000.0,True,267200000.0,57150000.0,-210050000.0,31,26,State Ownership Maturity
2020,Leicester City,6,18,50,68,12,38,66,5,2020/21,20,40,25.8,510600000.0,True,59400000.0,53770000.0,-5630000.0,19,18,State Ownership Maturity
2020,West Ham United,8,15,47,62,11,38,65,6,2020/21,19,40,26.8,336400000.0,True,54700000.0,45410000.0,-9290000.0,16,17,State Ownership Maturity
2020,Tottenham Hotspur,8,23,45,68,12,38,62,7,2020/21,18,41,25.2,703500000.0,True,110500000.0,13300000.0,-97200000.0,15,11,State Ownership Maturity
2020,Arsenal FC,7,16,39,55,13,38,61,8,2020/21,18,42,24.9,619250000.0,True,86000000.0,19150000.0,-66849999.99999999,16,16,State Ownership Maturity
2020,Leeds United,5,8,54,62,15,38,59,9,2020/21,18,39,25.1,238100000.0,True,127800000.0,0.0,-127800000.0,16,16,State Ownership Maturity
2020,Everton FC,8,-1,48,47,13,38,59,10,2020/21,17,44,25.2,511200000.0,True,74370000.0,4430000.0,-69950000.0,20,20,State Ownership Maturity
2020,Aston Villa,7,9,46,55,15,38,55,11,2020/21,16,53,23.9,430700000.0,True,101350000.0,2770000.0,-98580000.0,12,15,State Ownership Maturity
2020,Newcastle United,9,-16,62,46,17,38,45,12,2020/21,12,33,27.4,255350000.0,True,38750000.0,780000.0,-37970000.0,10,15,State Ownership Maturity
2020,Wolverhampton Wanderers,9,-16,52,36,17,38,45,13,2020/21,12,38,24.4,450300000.0,True,87590000.0,79200000.0,-8390000.0,21,23,State Ownership Maturity
2020,Crystal Palace,8,-25,66,41,18,38,44,14,2020/21,12,36,28.2,193850000.0,True,32400000.0,20000000.0,-12400000.0,12,8,State Ownership Maturity
2020,Southampton FC,7,-21,68,47,19,38,43,15,2020/21,12,39,25.0,282800000.0,True,37300000.0,26300000.0,-11000000.0,23,18,State Ownership Maturity
2020,Brighton & Hove Albion,14,-6,46,40,15,38,41,16,2020/21,9,46,24.9,290400000.0,True,50100000.0,20600000.0,-29500000.0,28,22,State Ownership Maturity
2020,Burnley FC,9,-22,55,33,19,38,39,17,2020/21,10,32,27.1,132300000.00000001,True,1100000.0,2300000.0,1200000.0,6,6,State Ownership Maturity
2020,Fulham FC,13,-26,53,27,20,38,28,18,2020/21,5,38,27.0,239750000.0,True,37250000.0,0.0,-37250000.0,23,19,State Ownership Maturity
2020,West Bromwich Albion,11,-41,76,35,22,38,26,19,2020/21,5,43,26.6,141150000.0,True,42140000.0,8100000.0,-34040000.0,23,22,State Ownership Maturity
2020,Sheffield United,2,-43,63,20,29,38,23,20,2020/21,7,40,25.4,149850000.0,True,62700000.0,0.0,-62700000.0,16,19,State Ownership Maturity
2021,Manchester City,6,73,26,99,3,38,93,1,2021/22,29,39,24.7,1000000000.0,True,138900000.0,93800000.0,-45100000.0,22,24,State Ownership Maturity
2021,Liverpool FC,8,68,26,94,2,38,92,2,2021/22,28,49,24.5,918900000.0,True,89000000.0,31650000.0,-57350000.0,14,12,State Ownership Maturity
2021,Chelsea FC,11,43,33,76,6,38,74,3,2021/22,21,44,25.6,914500000.0,True,118000000.0,157590000.0,39590000.0,21,23,State Ownership Maturity
2021,Tottenham Hotspur,5,29,40,69,11,38,71,4,2021/22,22,45,24.0,689350000.0,True,95900000.0,34620000.0,-61280000.0,14,19,State Ownership Maturity
2021,Arsenal FC,3,13,48,61,13,38,69,5,2021/22,22,41,24.0,613050000.0,True,167400000.0,31400000.0,-136000000.0,13,20,State Ownership Maturity
2021,Manchester United,10,0,57,57,12,38,58,6,2021/22,16,43,26.0,769150000.0,True,142000000.0,31100000.0,-110900000.0,16,14,State Ownership Maturity
2021,West Ham United,8,9,51,60,14,38,56,7,2021/22,16,37,26.3,354900000.0,True,74500000.0,4240000.0,-70270000.0,10,8,State Ownership Maturity
2021,Leicester City,10,3,59,62,14,38,52,8,2021/22,14,40,25.7,526549999.99999994,True,67600000.0,4000000.0,-63600000.0,11,11,State Ownership Maturity
2021,Brighton & Hove Albion,15,-2,44,42,11,38,51,9,2021/22,12,43,24.6,318000000.0,True,75580000.0,78800000.0,3220000.0,26,29,State Ownership Maturity
2021,Wolverhampton Wanderers,6,-5,43,38,17,38,51,10,2021/22,15,38,24.8,376950000.0,True,37600000.0,31800000.0,-5800000.0,24,22,State Ownership Maturity
2021,Newcastle United,10,-18,62,44,15,38,49,11,2021/22,13,34,27.9,313900000.0,True,130500000.0,0.0,-130500000.0,12,10,State Ownership Maturity
2021,Crystal Palace,15,4,46,50,12,38,48,12,2021/22,11,33,26.5,271050000.0,True,85620000.0,0.0,-85620000.0,13,15,State Ownership Maturity
2021,Brentford FC,7,-8,56,48,18,38,46,13,2021/22,13,38,24.7,273300000.0,True,38200000.0,1000000.0,-37200000.0,19,15,State Ownership Maturity
2021,Aston Villa,6,-2,54,52,19,38,45,14,2021/22,13,44,24.8,487750000.0,True,129800000.00000001,127000000.0,-2800000.0,22,18,State Ownership Maturity
2021,Southampton FC,13,-24,67,43,16,38,40,15,2021/22,9,33,25.6,274300000.0,True,63400000.0,60350000.0,-3050000.0,10,14,State Ownership Maturity
2021,Everton FC,6,-23,66,43,21,38,39,16,2021/22,11,42,26.0,479050000.0,True,39500000.0,46000000.0,6500000.0,13,15,State Ownership Maturity
2021,Leeds United,11,-37,79,42,18,38,38,17,2021/22,9,35,24.0,299450000.0,True,59300000.0,0.0,-59300000.0,13,15,State Ownership Maturity
2021,Burnley FC,14,-19,53,34,17,38,35,18,2021/22,7,35,27.9,137850000.0,True,49400000.0,40500000.0,-8900000.0,8,6,State Ownership Maturity
2021,Watford FC,5,-43,77,34,27,38,23,19,2021/22,6,47,26.4,156200000.0,True,43500000.0,12850000.0,-30650000.0,31,29,State Ownership Maturity
2021,Norwich City,7,-61,84,23,26,38,22,20,2021/22,5,45,24.7,163200000.0,True,63550000.0,38400000.0,-25150000.0,32,30,State Ownership Maturity
2022,Manchester City,5,61,33,94,5,38,89,1,2022/23,28,34,26.0,1150000000.0,True,155000000.0,162170000.0,7170000.0,29,24,State Ownership Maturity
2022,Arsenal FC,6,45,43,88,6,38,84,2,2022/23,26,42,24.0,1000000000.0,True,186400000.0,23800000.0,-162600000.0,25,18,State Ownership Maturity
2022,Manchester United,6,15,43,58,9,38,75,3,2022/23,23,48,25.4,847750000.0,True,243150000.0,23650000.0,-219500000.0,24,19,State Ownership Maturity
2022,Newcastle United,14,35,33,68,5,38,71,4,2022/23,19,38,28.3,541600000.0,True,189100000.0,14060000.0,-175040000.0,14,12,State Ownership Maturity
2022,Liverpool FC,10,28,47,75,9,38,67,5,2022/23,19,39,25.6,811850000.0,True,140900000.0,80100000.0,-60800000.0,10,13,State Ownership Maturity
2022,Brighton & Hove Albion,8,19,53,72,12,38,62,6,2022/23,18,42,24.1,529799999.99999994,True,55700000.0,138400000.0,82700000.0,21,23,State Ownership Maturity
2022,Aston Villa,7,5,46,51,13,38,61,7,2022/23,18,43,25.4,509550000.0,True,113000000.0,54000000.0,-59000000.0,23,22,State Ownership Maturity
2022,Tottenham Hotspur,6,7,63,70,14,38,60,8,2022/23,18,34,25.9,649100000.0,True,179900000.0,38750000.0,-141150000.0,15,14,State Ownership Maturity
2022,Brentford FC,14,12,46,58,9,38,59,9,2022/23,15,36,25.3,371200000.0,True,49250000.0,3600000.0,-45650000.0,23,21,State Ownership Maturity
2022,Fulham FC,7,2,53,55,16,38,52,10,2022/23,15,47,25.9,295100000.0,True,76100000.0,25400000.0,-50700000.0,20,21,State Ownership Maturity
2022,Crystal Palace,12,-9,49,40,15,38,45,11,2022/23,11,39,25.4,323050000.0,True,46600000.0,5460000.0,-41150000.0,15,13,State Ownership Maturity
2022,Chelsea FC,11,-9,47,38,16,38,44,12,2022/23,11,43,25.2,994950000.0,True,630250000.0,67860000.0,-562390000.0,28,25,State Ownership Maturity
2022,Wolverhampton Wanderers,8,-27,58,31,19,38,41,13,2022/23,11,43,25.8,497650000.0,True,179510000.0,64870000.00000001,-114640000.0,31,27,State Ownership Maturity
2022,West Ham United,7,-13,55,42,20,38,40,14,2022/23,11,44,25.4,465600000.0,True,196600000.0,21550000.0,-175050000.0,12,13,State Ownership Maturity
2022,AFC Bournemouth,6,-34,71,37,21,38,39,15,2022/23,11,47,25.0,287200000.0,True,93400000.0,0.0,-93400000.0,17,13,State Ownership Maturity
2022,Nottingham Forest,11,-30,68,38,18,38,38,16,2022/23,9,50,26.6,376250000.0,True,198350000.0,5000000.0,-193350000.0,42,26,State Ownership Maturity
2022,Everton FC,12,-23,57,34,18,38,36,17,2022/23,8,40,26.9,413150000.0,True,83070000.0,103600000.0,20530000.0,19,21,State Ownership Maturity
2022,Leicester City,7,-17,68,51,22,38,34,18,2022/23,9,38,26.4,490700000.0,True,49000000.0,81400000.0,32400000.0,10,9,State Ownership Maturity
2022,Leeds United,10,-30,78,48,21,38,31,19,2022/23,7,47,24.0,345150000.0,True,163890000.0,114500000.0,-49390000.0,24,19,State Ownership Maturity
2022,Southampton FC,7,-37,73,36,25,38,25,20,2022/23,6,46,24.8,419950000.0,True,154210000.0,5500000.0,-148710000.0,21,14,State Ownership Maturity
2023,Manchester City,7,62,34,96,3,38,91,1,2023/24,28,36,25.7,1460000000.0,True,259600000.00000003,138800000.0,-120800000.0,19,21,State Ownership Maturity
2023,Arsenal FC,5,62,29,91,5,38,89,2,2023/24,28,40,24.6,1200000000.0,True,235100000.0,69200000.0,-165900000.0,15,16,State Ownership Maturity
2023,Liverpool FC,10,45,41,86,4,38,82,3,2023/24,24,45,24.2,955650000.0,True,172000000.0,60700000.0,-111300000.0,12,16,State Ownership Maturity
2023,Aston Villa,8,15,61,76,10,38,68,4,2023/24,20,45,25.0,709650000.0,True,111500000.0,33159999.999999996,-78340000.0,14,14,State Ownership Maturity
2023,Tottenham Hotspur,6,13,61,74,12,38,66,5,2023/24,20,41,25.6,838500000.0,True,272100000.0,120700000.0,-151400000.0,27,22,State Ownership Maturity
2023,Chelsea FC,9,14,63,77,11,38,63,6,2023/24,18,56,22.2,1010000000.0,True,464100000.0,282200000.0,-181900000.0,30,32,State Ownership Maturity
2023,Newcastle United,6,23,62,85,14,38,60,7,2023/24,18,45,26.3,652250000.0,True,150000000.0,44600000.0,-105400000.0,15,14,State Ownership Maturity
2023,Manchester United,6,-1,58,57,14,38,60,8,2023/24,18,46,24.9,808350000.0,True,210700000.0,63770000.0,-146930000.0,14,23,State Ownership Maturity
2023,West Ham United,10,-14,74,60,14,38,52,9,2023/24,14,36,26.6,487500000.0,True,144550000.0,172860000.0,28310000.0,10,11,State Ownership Maturity
2023,Crystal Palace,10,-1,58,57,15,38,49,10,2023/24,13,40,25.1,446580000.0,True,67800000.0,0.0,-67800000.0,9,9,State Ownership Maturity
2023,Brighton & Hove Albion,12,-7,62,55,14,38,48,11,2023/24,12,49,24.2,524400000.0,True,106850000.0,189000000.0,82150000.0,28,22,State Ownership Maturity
2023,AFC Bournemouth,9,-13,67,54,16,38,48,12,2023/24,13,42,25.7,401750000.0,True,129889999.99999999,1500000.0,-128389999.99999999,23,21,State Ownership Maturity
2023,Fulham FC,8,-6,61,55,17,38,47,13,2023/24,13,35,26.9,384350000.0,True,73170000.0,53200000.0,-19970000.0,15,16,State Ownership Maturity
2023,Wolverhampton Wanderers,7,-15,65,50,18,38,46,14,2023/24,13,47,23.9,442730000.0,True,94000000.0,169200000.0,75200000.0,26,31,State Ownership Maturity
2023,Everton FC,9,-11,51,40,16,38,40,15,2023/24,13,34,26.8,391750000.0,True,40500000.0,82800000.0,42300000.0,16,16,State Ownership Maturity
2023,Brentford FC,9,-9,65,56,19,38,39,16,2023/24,10,42,25.0,428780000.0,True,72350000.0,10250000.0,-62100000.0,19,16,State Ownership Maturity
2023,Nottingham Forest,9,-18,67,49,20,38,32,17,2023/24,9,46,26.6,501350000.0,True,131630000.0,82820000.0,-48810000.0,35,41,State Ownership Maturity
2023,Luton Town,8,-33,85,52,24,38,26,18,2023/24,6,46,25.7,140900000.0,True,25900000.0,300000.0,-25600000.0,28,26,State Ownership Maturity
2023,Burnley FC,9,-37,78,41,24,38,24,19,2023/24,5,39,25.3,273480000.0,True,111050000.0,3800000.0,-107250000.0,31,22,State Ownership Maturity
2023,Sheffield United,7,-69,104,35,28,38,16,20,2023/24,3,45,24.7,152350000.0,True,66950000.0,30900000.0,-36050000.0,18,15,State Ownership Maturity
2024,Liverpool FC,9,45,41,86,4,38,84,1,2024/25,25,35,24.7,950950000.0,True,42000000.0,47000000.0,5000000.0,11,13,State Ownership Maturity
2024,Arsenal FC,14,35,34,69,4,38,74,2,2024/25,20,42,24.5,1160000000.0,True,108900000.0,83790000.0,-25110000.0,10,13,State Ownership Maturity
2024,Manchester City,8,28,44,72,9,38,71,3,2024/25,21,44,25.6,1360000000.0,True,243000000.0,141700000.0,-101300000.0,15,13,State Ownership Maturity
2024,Chelsea FC,9,21,43,64,9,38,69,4,2024/25,20,58,22.4,1190000000.0,True,281900000.0,236400000.0,-45500000.0,32,32,State Ownership Maturity
2024,Newcastle United,6,21,47,68,12,38,66,5,2024/25,20,36,27.5,677530000.0,True,68200000.0,89550000.0,21350000.0,9,14,State Ownership Maturity
2024,Aston Villa,9,7,51,58,10,38,66,6,2024/25,19,41,25.2,680550000.0,True,214200000.0,257170000.00000003,42970000.0,20,25,State Ownership Maturity
2024,Nottingham Forest,8,12,46,58,11,38,65,7,2024/25,19,33,26.8,481300000.0,True,105500000.0,86700000.0,-18800000.0,26,32,State Ownership Maturity
2024,Brighton & Hove Albion,13,7,59,66,9,38,61,8,2024/25,16,49,24.2,667580000.0,True,281450000.0,49990000.0,-231460000.0,23,25,State Ownership Maturity
2024,AFC Bournemouth,11,12,46,58,12,38,56,9,2024/25,15,39,24.7,518600000.0,True,134900000.0,66090000.0,-68820000.0,17,23,State Ownership Maturity
2024,Brentford FC,8,9,57,66,14,38,56,10,2024/25,16,38,24.4,427850000.0,True,98400000.0,74500000.0,-23900000.0,15,18,State Ownership Maturity
2024,Fulham FC,9,0,54,54,14,38,54,11,2024/25,15,28,27.7,362350000.0,True,91550000.0,68800000.0,-22750000.0,14,13,State Ownership Maturity
2024,Crystal Palace,14,0,51,51,11,38,53,12,2024/25,13,40,26.2,526850000.0,True,91900000.0,100700000.0,8800000.0,16,17,State Ownership Maturity
2024,Everton FC,15,-2,44,42,12,38,48,13,2024/25,11,39,25.8,363230000.0,True,50200000.0,84150000.0,33950000.0,11,12,State Ownership Maturity
2024,West Ham United,10,-16,62,46,17,38,43,14,2024/25,11,29,28.0,400700000.0,True,144400000.0,46150000.0,-98250000.0,17,14,State Ownership Maturity
2024,Manchester United,9,-10,54,44,18,38,42,15,2024/25,11,49,24.0,825000000.0,True,246300000.0,117200000.0,-129100000.0,15,17,State Ownership Maturity
2024,Wolverhampton Wanderers,6,-15,69,54,20,38,42,16,2024/25,12,44,25.3,433050000.0,True,119400000.0,116200000.0,-3210000.0,22,16,State Ownership Maturity
2024,Tottenham Hotspur,5,-1,65,64,22,38,38,17,2024/25,11,41,24.0,777300000.0,True,185350000.0,56300000.0,-129050000.00000001,17,17,State Ownership Maturity
2024,Leicester City,7,-47,80,33,25,38,25,18,2024/25,6,40,25.3,253350000.0,True,91050000.0,47250000.0,-43800000.0,14,13,State Ownership Maturity
2024,Ipswich Town,10,-46,82,36,24,38,22,19,2024/25,4,35,26.6,270100000.0,True,152590000.0,2360000.0,-150230000.0,17,18,State Ownership Maturity
2024,Southampton FC,6,-60,86,26,30,38,12,20,2024/25,2,42,25.3,310050000.0,True,123050000.0,41590000.0,-81460000.0,30,19,State Ownership Maturity
